Any,Codi_Districte,Nom_Districte,Codi_Barri,Nom_Barri,Seccio_Censal,Import_Euros
2022,1,Ciutat Vella,1,el Raval,1,12551
2022,1,Ciutat Vella,1,el Raval,2,10715
2022,1,Ciutat Vella,1,el Raval,3,9937
2022,1,Ciutat Vella,1,el Raval,4,12214
2022,1,Ciutat Vella,1,el Raval,5,10296
2022,1,Ciutat Vella,1,el Raval,6,11108
2022,1,Ciutat Vella,1,el Raval,7,10309
2022,1,Ciutat Vella,1,el Raval,8,8291
2022,1,Ciutat Vella,1,el Raval,9,10703
2022,1,Ciutat Vella,1,el Raval,10,9147
2022,1,Ciutat Vella,1,el Raval,11,9036
2022,1,Ciutat Vella,1,el Raval,12,11443
2022,1,Ciutat Vella,1,el Raval,13,11552
2022,1,Ciutat Vella,1,el Raval,14,10901
2022,1,Ciutat Vella,1,el Raval,15,11387
2022,1,Ciutat Vella,1,el Raval,16,10953
2022,1,Ciutat Vella,1,el Raval,17,9432
2022,1,Ciutat Vella,1,el Raval,18,10776
2022,1,Ciutat Vella,1,el Raval,19,10830
2022,1,Ciutat Vella,1,el Raval,20,15139
2022,1,Ciutat Vella,1,el Raval,21,15240
2022,1,Ciutat Vella,2,el Barri Gòtic,22,19287
2022,1,Ciutat Vella,2,el Barri Gòtic,23,15904
2022,1,Ciutat Vella,2,el Barri Gòtic,25,14845
2022,1,Ciutat Vella,2,el Barri Gòtic,26,10510
2022,1,Ciutat Vella,2,el Barri Gòtic,27,13737
2022,1,Ciutat Vella,2,el Barri Gòtic,28,15029
2022,1,Ciutat Vella,2,el Barri Gòtic,29,12481
2022,1,Ciutat Vella,2,el Barri Gòtic,30,12469
2022,1,Ciutat Vella,2,el Barri Gòtic,31,12030
2022,1,Ciutat Vella,3,la Barceloneta,32,15532
2022,1,Ciutat Vella,3,la Barceloneta,33,13394
2022,1,Ciutat Vella,3,la Barceloneta,34,13482
2022,1,Ciutat Vella,3,la Barceloneta,35,13613
2022,1,Ciutat Vella,3,la Barceloneta,36,14159
2022,1,Ciutat Vella,3,la Barceloneta,37,14693
2022,1,Ciutat Vella,3,la Barceloneta,38,12656
2022,1,Ciutat Vella,3,la Barceloneta,39,14080
2022,1,Ciutat Vella,3,la Barceloneta,40,15078
2022,1,Ciutat Vella,3,la Barceloneta,41,13280
2022,1,Ciutat Vella,3,la Barceloneta,42,14731
2022,1,Ciutat Vella,4,"Sant Pere, Santa Caterina i la Ribera",43,19719
2022,1,Ciutat Vella,4,"Sant Pere, Santa Caterina i la Ribera",44,16259
2022,1,Ciutat Vella,4,"Sant Pere, Santa Caterina i la Ribera",45,15297
2022,1,Ciutat Vella,4,"Sant Pere, Santa Caterina i la Ribera",46,13810
2022,1,Ciutat Vella,4,"Sant Pere, Santa Caterina i la Ribera",47,15624
2022,1,Ciutat Vella,4,"Sant Pere, Santa Caterina i la Ribera",48,11647
2022,1,Ciutat Vella,4,"Sant Pere, Santa Caterina i la Ribera",49,14619
2022,1,Ciutat Vella,4,"Sant Pere, Santa Caterina i la Ribera",50,13534
2022,1,Ciutat Vella,4,"Sant Pere, Santa Caterina i la Ribera",51,13665
2022,1,Ciutat Vella,4,"Sant Pere, Santa Caterina i la Ribera",52,19034
2022,1,Ciutat Vella,4,"Sant Pere, Santa Caterina i la Ribera",53,13765
2022,1,Ciutat Vella,4,"Sant Pere, Santa Caterina i la Ribera",54,14758
2022,1,Ciutat Vella,4,"Sant Pere, Santa Caterina i la Ribera",55,18412
2022,2,L'Eixample,5,el Fort Pienc,1,17933
2022,2,L'Eixample,5,el Fort Pienc,2,19019
2022,2,L'Eixample,5,el Fort Pienc,3,21335
2022,2,L'Eixample,5,el Fort Pienc,4,16531
2022,2,L'Eixample,5,el Fort Pienc,5,20296
2022,2,L'Eixample,5,el Fort Pienc,6,20937
2022,2,L'Eixample,5,el Fort Pienc,7,23045
2022,2,L'Eixample,5,el Fort Pienc,8,20725
2022,2,L'Eixample,5,el Fort Pienc,9,19911
2022,2,L'Eixample,5,el Fort Pienc,10,18516
2022,2,L'Eixample,5,el Fort Pienc,11,19653
2022,2,L'Eixample,5,el Fort Pienc,12,16416
2022,2,L'Eixample,5,el Fort Pienc,13,17082
2022,2,L'Eixample,5,el Fort Pienc,14,15988
2022,2,L'Eixample,5,el Fort Pienc,15,16149
2022,2,L'Eixample,5,el Fort Pienc,16,21013
2022,2,L'Eixample,5,el Fort Pienc,17,21296
2022,2,L'Eixample,5,el Fort Pienc,18,20625
2022,2,L'Eixample,5,el Fort Pienc,19,19337
2022,2,L'Eixample,5,el Fort Pienc,20,18059
2022,2,L'Eixample,6,la Sagrada Família,21,18468
2022,2,L'Eixample,6,la Sagrada Família,22,18928
2022,2,L'Eixample,6,la Sagrada Família,23,19440
2022,2,L'Eixample,6,la Sagrada Família,24,17186
2022,2,L'Eixample,6,la Sagrada Família,25,17754
2022,2,L'Eixample,6,la Sagrada Família,26,18005
2022,2,L'Eixample,6,la Sagrada Família,27,18438
2022,2,L'Eixample,6,la Sagrada Família,28,18367
2022,2,L'Eixample,6,la Sagrada Família,29,18702
2022,2,L'Eixample,6,la Sagrada Família,30,15609
2022,2,L'Eixample,6,la Sagrada Família,31,20248
2022,2,L'Eixample,6,la Sagrada Família,32,19674
2022,2,L'Eixample,6,la Sagrada Família,33,18900
2022,2,L'Eixample,6,la Sagrada Família,34,17209
2022,2,L'Eixample,6,la Sagrada Família,35,20008
2022,2,L'Eixample,6,la Sagrada Família,36,20632
2022,2,L'Eixample,6,la Sagrada Família,37,21612
2022,2,L'Eixample,6,la Sagrada Família,38,20868
2022,2,L'Eixample,6,la Sagrada Família,39,18329
2022,2,L'Eixample,6,la Sagrada Família,40,16444
2022,2,L'Eixample,6,la Sagrada Família,41,18547
2022,2,L'Eixample,6,la Sagrada Família,42,20863
2022,2,L'Eixample,6,la Sagrada Família,43,19516
2022,2,L'Eixample,6,la Sagrada Família,44,16881
2022,2,L'Eixample,6,la Sagrada Família,45,20200
2022,2,L'Eixample,6,la Sagrada Família,46,17007
2022,2,L'Eixample,6,la Sagrada Família,47,18239
2022,2,L'Eixample,6,la Sagrada Família,48,17771
2022,2,L'Eixample,6,la Sagrada Família,49,17545
2022,2,L'Eixample,6,la Sagrada Família,50,18491
2022,2,L'Eixample,6,la Sagrada Família,51,16481
2022,2,L'Eixample,6,la Sagrada Família,52,19154
2022,2,L'Eixample,6,la Sagrada Família,53,19573
2022,2,L'Eixample,6,la Sagrada Família,54,19388
2022,2,L'Eixample,7,la Dreta de l'Eixample,55,20445
2022,2,L'Eixample,7,la Dreta de l'Eixample,56,20737
2022,2,L'Eixample,7,la Dreta de l'Eixample,57,25636
2022,2,L'Eixample,7,la Dreta de l'Eixample,58,23306
2022,2,L'Eixample,7,la Dreta de l'Eixample,59,23195
2022,2,L'Eixample,7,la Dreta de l'Eixample,60,21540
2022,2,L'Eixample,7,la Dreta de l'Eixample,61,19849
2022,2,L'Eixample,7,la Dreta de l'Eixample,62,23161
2022,2,L'Eixample,7,la Dreta de l'Eixample,63,27244
2022,2,L'Eixample,7,la Dreta de l'Eixample,64,27497
2022,2,L'Eixample,7,la Dreta de l'Eixample,65,20692
2022,2,L'Eixample,7,la Dreta de l'Eixample,66,21195
2022,2,L'Eixample,7,la Dreta de l'Eixample,67,19030
2022,2,L'Eixample,7,la Dreta de l'Eixample,68,19626
2022,2,L'Eixample,7,la Dreta de l'Eixample,69,22385
2022,2,L'Eixample,7,la Dreta de l'Eixample,70,23770
2022,2,L'Eixample,7,la Dreta de l'Eixample,71,24664
2022,2,L'Eixample,7,la Dreta de l'Eixample,72,26310
2022,2,L'Eixample,7,la Dreta de l'Eixample,73,23724
2022,2,L'Eixample,7,la Dreta de l'Eixample,74,25788
2022,2,L'Eixample,7,la Dreta de l'Eixample,75,23374
2022,2,L'Eixample,7,la Dreta de l'Eixample,76,26807
2022,2,L'Eixample,7,la Dreta de l'Eixample,77,22220
2022,2,L'Eixample,7,la Dreta de l'Eixample,78,24597
2022,2,L'Eixample,7,la Dreta de l'Eixample,79,28148
2022,2,L'Eixample,7,la Dreta de l'Eixample,80,24917
2022,2,L'Eixample,7,la Dreta de l'Eixample,81,26267
2022,2,L'Eixample,7,la Dreta de l'Eixample,82,28514
2022,2,L'Eixample,7,la Dreta de l'Eixample,83,28846
2022,2,L'Eixample,8,l'Antiga Esquerra de l'Eixample,84,23283
2022,2,L'Eixample,8,l'Antiga Esquerra de l'Eixample,85,23564
2022,2,L'Eixample,8,l'Antiga Esquerra de l'Eixample,86,25124
2022,2,L'Eixample,8,l'Antiga Esquerra de l'Eixample,87,22670
2022,2,L'Eixample,8,l'Antiga Esquerra de l'Eixample,88,24489
2022,2,L'Eixample,8,l'Antiga Esquerra de l'Eixample,89,22966
2022,2,L'Eixample,8,l'Antiga Esquerra de l'Eixample,90,20891
2022,2,L'Eixample,8,l'Antiga Esquerra de l'Eixample,91,21763
2022,2,L'Eixample,8,l'Antiga Esquerra de l'Eixample,92,21086
2022,2,L'Eixample,8,l'Antiga Esquerra de l'Eixample,93,21306
2022,2,L'Eixample,8,l'Antiga Esquerra de l'Eixample,94,21875
2022,2,L'Eixample,8,l'Antiga Esquerra de l'Eixample,95,21608
2022,2,L'Eixample,8,l'Antiga Esquerra de l'Eixample,96,19754
2022,2,L'Eixample,8,l'Antiga Esquerra de l'Eixample,97,19923
2022,2,L'Eixample,8,l'Antiga Esquerra de l'Eixample,98,22495
2022,2,L'Eixample,8,l'Antiga Esquerra de l'Eixample,99,23186
2022,2,L'Eixample,8,l'Antiga Esquerra de l'Eixample,100,22180
2022,2,L'Eixample,8,l'Antiga Esquerra de l'Eixample,101,21523
2022,2,L'Eixample,8,l'Antiga Esquerra de l'Eixample,102,25221
2022,2,L'Eixample,8,l'Antiga Esquerra de l'Eixample,103,18512
2022,2,L'Eixample,8,l'Antiga Esquerra de l'Eixample,104,23085
2022,2,L'Eixample,8,l'Antiga Esquerra de l'Eixample,105,19338
2022,2,L'Eixample,8,l'Antiga Esquerra de l'Eixample,106,24466
2022,2,L'Eixample,8,l'Antiga Esquerra de l'Eixample,107,24473
2022,2,L'Eixample,8,l'Antiga Esquerra de l'Eixample,108,25292
2022,2,L'Eixample,8,l'Antiga Esquerra de l'Eixample,109,26362
2022,2,L'Eixample,9,la Nova Esquerra de l'Eixample,110,20865
2022,2,L'Eixample,9,la Nova Esquerra de l'Eixample,111,20801
2022,2,L'Eixample,9,la Nova Esquerra de l'Eixample,112,26051
2022,2,L'Eixample,9,la Nova Esquerra de l'Eixample,113,24800
2022,2,L'Eixample,9,la Nova Esquerra de l'Eixample,114,21272
2022,2,L'Eixample,9,la Nova Esquerra de l'Eixample,115,19585
2022,2,L'Eixample,9,la Nova Esquerra de l'Eixample,116,24287
2022,2,L'Eixample,9,la Nova Esquerra de l'Eixample,117,20244
2022,2,L'Eixample,9,la Nova Esquerra de l'Eixample,118,23707
2022,2,L'Eixample,9,la Nova Esquerra de l'Eixample,119,22443
2022,2,L'Eixample,9,la Nova Esquerra de l'Eixample,120,20564
2022,2,L'Eixample,9,la Nova Esquerra de l'Eixample,121,22931
2022,2,L'Eixample,9,la Nova Esquerra de l'Eixample,122,23418
2022,2,L'Eixample,9,la Nova Esquerra de l'Eixample,123,20187
2022,2,L'Eixample,9,la Nova Esquerra de l'Eixample,124,21934
2022,2,L'Eixample,9,la Nova Esquerra de l'Eixample,125,20970
2022,2,L'Eixample,9,la Nova Esquerra de l'Eixample,126,22433
2022,2,L'Eixample,9,la Nova Esquerra de l'Eixample,127,19771
2022,2,L'Eixample,9,la Nova Esquerra de l'Eixample,128,19179
2022,2,L'Eixample,9,la Nova Esquerra de l'Eixample,129,20206
2022,2,L'Eixample,9,la Nova Esquerra de l'Eixample,130,28734
2022,2,L'Eixample,9,la Nova Esquerra de l'Eixample,131,20749
2022,2,L'Eixample,9,la Nova Esquerra de l'Eixample,132,20926
2022,2,L'Eixample,9,la Nova Esquerra de l'Eixample,133,20828
2022,2,L'Eixample,9,la Nova Esquerra de l'Eixample,134,19320
2022,2,L'Eixample,9,la Nova Esquerra de l'Eixample,135,18307
2022,2,L'Eixample,9,la Nova Esquerra de l'Eixample,136,20511
2022,2,L'Eixample,9,la Nova Esquerra de l'Eixample,137,18125
2022,2,L'Eixample,9,la Nova Esquerra de l'Eixample,138,20514
2022,2,L'Eixample,9,la Nova Esquerra de l'Eixample,139,19477
2022,2,L'Eixample,9,la Nova Esquerra de l'Eixample,140,20282
2022,2,L'Eixample,9,la Nova Esquerra de l'Eixample,141,18964
2022,2,L'Eixample,9,la Nova Esquerra de l'Eixample,142,17617
2022,2,L'Eixample,9,la Nova Esquerra de l'Eixample,143,19780
2022,2,L'Eixample,9,la Nova Esquerra de l'Eixample,144,21458
2022,2,L'Eixample,9,la Nova Esquerra de l'Eixample,145,19195
2022,2,L'Eixample,9,la Nova Esquerra de l'Eixample,146,18794
2022,2,L'Eixample,9,la Nova Esquerra de l'Eixample,147,18757
2022,2,L'Eixample,9,la Nova Esquerra de l'Eixample,148,21273
2022,2,L'Eixample,9,la Nova Esquerra de l'Eixample,149,16465
2022,2,L'Eixample,10,Sant Antoni,150,16973
2022,2,L'Eixample,10,Sant Antoni,151,19515
2022,2,L'Eixample,10,Sant Antoni,152,21188
2022,2,L'Eixample,10,Sant Antoni,153,20894
2022,2,L'Eixample,10,Sant Antoni,154,16007
2022,2,L'Eixample,10,Sant Antoni,155,17507
2022,2,L'Eixample,10,Sant Antoni,156,19829
2022,2,L'Eixample,10,Sant Antoni,157,17667
2022,2,L'Eixample,10,Sant Antoni,158,18509
2022,2,L'Eixample,10,Sant Antoni,159,18382
2022,2,L'Eixample,10,Sant Antoni,160,21124
2022,2,L'Eixample,10,Sant Antoni,161,18916
2022,2,L'Eixample,10,Sant Antoni,162,17348
2022,2,L'Eixample,10,Sant Antoni,163,20167
2022,2,L'Eixample,10,Sant Antoni,164,19055
2022,2,L'Eixample,10,Sant Antoni,165,19725
2022,2,L'Eixample,10,Sant Antoni,166,18076
2022,2,L'Eixample,10,Sant Antoni,167,19007
2022,2,L'Eixample,10,Sant Antoni,168,18345
2022,2,L'Eixample,10,Sant Antoni,169,19018
2022,2,L'Eixample,10,Sant Antoni,170,18882
2022,2,L'Eixample,10,Sant Antoni,171,16439
2022,2,L'Eixample,10,Sant Antoni,172,17377
2022,2,L'Eixample,10,Sant Antoni,173,18746
2022,3,Sants-Montjuïc,11,el Poble Sec,1,15862
2022,3,Sants-Montjuïc,11,el Poble Sec,2,14589
2022,3,Sants-Montjuïc,11,el Poble Sec,3,13788
2022,3,Sants-Montjuïc,11,el Poble Sec,4,16680
2022,3,Sants-Montjuïc,11,el Poble Sec,5,14786
2022,3,Sants-Montjuïc,11,el Poble Sec,6,14902
2022,3,Sants-Montjuïc,11,el Poble Sec,7,14238
2022,3,Sants-Montjuïc,11,el Poble Sec,8,14300
2022,3,Sants-Montjuïc,11,el Poble Sec,9,15390
2022,3,Sants-Montjuïc,11,el Poble Sec,10,13555
2022,3,Sants-Montjuïc,11,el Poble Sec,11,12299
2022,3,Sants-Montjuïc,11,el Poble Sec,12,14364
2022,3,Sants-Montjuïc,11,el Poble Sec,13,13403
2022,3,Sants-Montjuïc,11,el Poble Sec,14,13247
2022,3,Sants-Montjuïc,11,el Poble Sec,15,13794
2022,3,Sants-Montjuïc,11,el Poble Sec,16,13557
2022,3,Sants-Montjuïc,11,el Poble Sec,17,12964
2022,3,Sants-Montjuïc,11,el Poble Sec,18,14281
2022,3,Sants-Montjuïc,11,el Poble Sec,19,13576
2022,3,Sants-Montjuïc,11,el Poble Sec,20,16028
2022,3,Sants-Montjuïc,11,el Poble Sec,21,16231
2022,3,Sants-Montjuïc,11,el Poble Sec,22,15819
2022,3,Sants-Montjuïc,11,el Poble Sec,23,13696
2022,3,Sants-Montjuïc,11,el Poble Sec,24,13670
2022,3,Sants-Montjuïc,12,la Marina del Prat Vermell,25,12529
2022,3,Sants-Montjuïc,13,la Marina de Port,26,14756
2022,3,Sants-Montjuïc,13,la Marina de Port,27,15650
2022,3,Sants-Montjuïc,13,la Marina de Port,28,17225
2022,3,Sants-Montjuïc,13,la Marina de Port,29,13990
2022,3,Sants-Montjuïc,13,la Marina de Port,30,15260
2022,3,Sants-Montjuïc,13,la Marina de Port,31,14441
2022,3,Sants-Montjuïc,13,la Marina de Port,32,12569
2022,3,Sants-Montjuïc,13,la Marina de Port,33,11469
2022,3,Sants-Montjuïc,13,la Marina de Port,34,14373
2022,3,Sants-Montjuïc,13,la Marina de Port,35,15421
2022,3,Sants-Montjuïc,13,la Marina de Port,36,16537
2022,3,Sants-Montjuïc,13,la Marina de Port,37,16232
2022,3,Sants-Montjuïc,13,la Marina de Port,38,11990
2022,3,Sants-Montjuïc,13,la Marina de Port,39,11148
2022,3,Sants-Montjuïc,14,la Font de la Guatlla,40,19163
2022,3,Sants-Montjuïc,14,la Font de la Guatlla,41,16194
2022,3,Sants-Montjuïc,14,la Font de la Guatlla,42,16364
2022,3,Sants-Montjuïc,14,la Font de la Guatlla,43,17278
2022,3,Sants-Montjuïc,14,la Font de la Guatlla,44,15672
2022,3,Sants-Montjuïc,14,la Font de la Guatlla,45,16810
2022,3,Sants-Montjuïc,14,la Font de la Guatlla,46,19760
2022,3,Sants-Montjuïc,15,Hostafrancs,47,15838
2022,3,Sants-Montjuïc,15,Hostafrancs,48,20352
2022,3,Sants-Montjuïc,15,Hostafrancs,49,17105
2022,3,Sants-Montjuïc,15,Hostafrancs,50,17743
2022,3,Sants-Montjuïc,15,Hostafrancs,51,14179
2022,3,Sants-Montjuïc,15,Hostafrancs,52,15744
2022,3,Sants-Montjuïc,15,Hostafrancs,53,14806
2022,3,Sants-Montjuïc,15,Hostafrancs,54,17714
2022,3,Sants-Montjuïc,15,Hostafrancs,55,16735
2022,3,Sants-Montjuïc,15,Hostafrancs,56,15955
2022,3,Sants-Montjuïc,16,la Bordeta,57,16272
2022,3,Sants-Montjuïc,16,la Bordeta,58,20476
2022,3,Sants-Montjuïc,16,la Bordeta,59,15522
2022,3,Sants-Montjuïc,16,la Bordeta,60,18776
2022,3,Sants-Montjuïc,16,la Bordeta,61,16203
2022,3,Sants-Montjuïc,16,la Bordeta,62,16587
2022,3,Sants-Montjuïc,16,la Bordeta,63,16190
2022,3,Sants-Montjuïc,16,la Bordeta,64,16987
2022,3,Sants-Montjuïc,16,la Bordeta,65,17058
2022,3,Sants-Montjuïc,16,la Bordeta,66,15224
2022,3,Sants-Montjuïc,16,la Bordeta,67,17000
2022,3,Sants-Montjuïc,16,la Bordeta,68,14777
2022,3,Sants-Montjuïc,16,la Bordeta,69,17547
2022,3,Sants-Montjuïc,17,Sants-Badal,70,14204
2022,3,Sants-Montjuïc,17,Sants-Badal,71,14399
2022,3,Sants-Montjuïc,17,Sants-Badal,72,14622
2022,3,Sants-Montjuïc,17,Sants-Badal,73,17174
2022,3,Sants-Montjuïc,17,Sants-Badal,74,16363
2022,3,Sants-Montjuïc,17,Sants-Badal,75,15018
2022,3,Sants-Montjuïc,17,Sants-Badal,76,15509
2022,3,Sants-Montjuïc,17,Sants-Badal,77,15543
2022,3,Sants-Montjuïc,17,Sants-Badal,78,14780
2022,3,Sants-Montjuïc,17,Sants-Badal,79,14495
2022,3,Sants-Montjuïc,17,Sants-Badal,80,16015
2022,3,Sants-Montjuïc,17,Sants-Badal,81,16423
2022,3,Sants-Montjuïc,17,Sants-Badal,82,18684
2022,3,Sants-Montjuïc,17,Sants-Badal,83,17304
2022,3,Sants-Montjuïc,17,Sants-Badal,84,17751
2022,3,Sants-Montjuïc,17,Sants-Badal,85,19314
2022,3,Sants-Montjuïc,18,Sants,86,21194
2022,3,Sants-Montjuïc,18,Sants,87,19750
2022,3,Sants-Montjuïc,18,Sants,88,17797
2022,3,Sants-Montjuïc,18,Sants,89,19060
2022,3,Sants-Montjuïc,18,Sants,90,20585
2022,3,Sants-Montjuïc,18,Sants,91,18336
2022,3,Sants-Montjuïc,18,Sants,92,17688
2022,3,Sants-Montjuïc,18,Sants,93,18653
2022,3,Sants-Montjuïc,18,Sants,94,19036
2022,3,Sants-Montjuïc,18,Sants,95,17781
2022,3,Sants-Montjuïc,18,Sants,96,15951
2022,3,Sants-Montjuïc,18,Sants,97,13048
2022,3,Sants-Montjuïc,18,Sants,98,14757
2022,3,Sants-Montjuïc,18,Sants,99,17083
2022,3,Sants-Montjuïc,18,Sants,100,17047
2022,3,Sants-Montjuïc,18,Sants,101,16709
2022,3,Sants-Montjuïc,18,Sants,102,17091
2022,3,Sants-Montjuïc,18,Sants,103,17367
2022,3,Sants-Montjuïc,18,Sants,104,16540
2022,3,Sants-Montjuïc,18,Sants,105,16198
2022,3,Sants-Montjuïc,18,Sants,106,17255
2022,3,Sants-Montjuïc,18,Sants,107,17236
2022,3,Sants-Montjuïc,18,Sants,108,17069
2022,3,Sants-Montjuïc,18,Sants,109,18169
2022,3,Sants-Montjuïc,18,Sants,110,18478
2022,3,Sants-Montjuïc,18,Sants,111,18718
2022,3,Sants-Montjuïc,18,Sants,112,19882
2022,3,Sants-Montjuïc,18,Sants,113,23793
2022,3,Sants-Montjuïc,18,Sants,114,22436
2022,3,Sants-Montjuïc,13,la Marina de Port,211,15209
2022,3,Sants-Montjuïc,13,la Marina de Port,212,14166
2022,3,Sants-Montjuïc,13,la Marina de Port,213,12073
2022,4,Les Corts,19,les Corts,1,20112
2022,4,Les Corts,19,les Corts,2,21695
2022,4,Les Corts,19,les Corts,3,21606
2022,4,Les Corts,19,les Corts,4,20094
2022,4,Les Corts,19,les Corts,5,20483
2022,4,Les Corts,19,les Corts,6,21019
2022,4,Les Corts,19,les Corts,7,19135
2022,4,Les Corts,19,les Corts,8,18567
2022,4,Les Corts,19,les Corts,9,20798
2022,4,Les Corts,19,les Corts,10,23761
2022,4,Les Corts,19,les Corts,11,24435
2022,4,Les Corts,19,les Corts,12,23363
2022,4,Les Corts,19,les Corts,13,24453
2022,4,Les Corts,19,les Corts,14,23595
2022,4,Les Corts,19,les Corts,15,21978
2022,4,Les Corts,19,les Corts,16,24205
2022,4,Les Corts,19,les Corts,17,23387
2022,4,Les Corts,19,les Corts,18,24800
2022,4,Les Corts,19,les Corts,19,28831
2022,4,Les Corts,19,les Corts,20,24567
2022,4,Les Corts,19,les Corts,21,27820
2022,4,Les Corts,19,les Corts,22,22615
2022,4,Les Corts,19,les Corts,23,32986
2022,4,Les Corts,19,les Corts,24,34765
2022,4,Les Corts,19,les Corts,25,22890
2022,4,Les Corts,19,les Corts,26,22476
2022,4,Les Corts,19,les Corts,27,23851
2022,4,Les Corts,19,les Corts,28,21454
2022,4,Les Corts,19,les Corts,29,25953
2022,4,Les Corts,19,les Corts,30,24132
2022,4,Les Corts,19,les Corts,31,21221
2022,4,Les Corts,19,les Corts,32,20508
2022,4,Les Corts,19,les Corts,33,20206
2022,4,Les Corts,19,les Corts,34,25026
2022,4,Les Corts,19,les Corts,35,22923
2022,4,Les Corts,20,la Maternitat i Sant Ramon,36,19218
2022,4,Les Corts,20,la Maternitat i Sant Ramon,37,20424
2022,4,Les Corts,20,la Maternitat i Sant Ramon,38,20117
2022,4,Les Corts,20,la Maternitat i Sant Ramon,39,19023
2022,4,Les Corts,20,la Maternitat i Sant Ramon,40,16067
2022,4,Les Corts,20,la Maternitat i Sant Ramon,41,17152
2022,4,Les Corts,20,la Maternitat i Sant Ramon,42,16062
2022,4,Les Corts,20,la Maternitat i Sant Ramon,43,23558
2022,4,Les Corts,20,la Maternitat i Sant Ramon,44,18188
2022,4,Les Corts,20,la Maternitat i Sant Ramon,45,18519
2022,4,Les Corts,20,la Maternitat i Sant Ramon,46,25273
2022,4,Les Corts,20,la Maternitat i Sant Ramon,47,21233
2022,4,Les Corts,20,la Maternitat i Sant Ramon,48,22929
2022,4,Les Corts,20,la Maternitat i Sant Ramon,49,31161
2022,4,Les Corts,21,Pedralbes,50,34765
2022,4,Les Corts,21,Pedralbes,51,25051
2022,4,Les Corts,21,Pedralbes,52,34765
2022,4,Les Corts,21,Pedralbes,53,21547
2022,4,Les Corts,21,Pedralbes,54,29872
2022,4,Les Corts,21,Pedralbes,55,34765
2022,4,Les Corts,21,Pedralbes,56,34765
2022,4,Les Corts,20,la Maternitat i Sant Ramon,84,24827
2022,5,Sarrià-Sant Gervasi,22,"Vallvidrera, el Tibidabo i les Planes",1,17841
2022,5,Sarrià-Sant Gervasi,22,"Vallvidrera, el Tibidabo i les Planes",2,27126
2022,5,Sarrià-Sant Gervasi,22,"Vallvidrera, el Tibidabo i les Planes",3,26437
2022,5,Sarrià-Sant Gervasi,23,Sarrià,4,34765
2022,5,Sarrià-Sant Gervasi,23,Sarrià,5,26669
2022,5,Sarrià-Sant Gervasi,23,Sarrià,6,34765
2022,5,Sarrià-Sant Gervasi,23,Sarrià,7,28635
2022,5,Sarrià-Sant Gervasi,23,Sarrià,8,34765
2022,5,Sarrià-Sant Gervasi,23,Sarrià,9,26100
2022,5,Sarrià-Sant Gervasi,23,Sarrià,10,24335
2022,5,Sarrià-Sant Gervasi,23,Sarrià,11,25933
2022,5,Sarrià-Sant Gervasi,23,Sarrià,12,23950
2022,5,Sarrià-Sant Gervasi,23,Sarrià,13,27817
2022,5,Sarrià-Sant Gervasi,23,Sarrià,14,30027
2022,5,Sarrià-Sant Gervasi,23,Sarrià,15,26270
2022,5,Sarrià-Sant Gervasi,23,Sarrià,16,21666
2022,5,Sarrià-Sant Gervasi,23,Sarrià,17,34765
2022,5,Sarrià-Sant Gervasi,23,Sarrià,18,25437
2022,5,Sarrià-Sant Gervasi,23,Sarrià,19,32355
2022,5,Sarrià-Sant Gervasi,24,les Tres Torres,20,31576
2022,5,Sarrià-Sant Gervasi,24,les Tres Torres,21,34765
2022,5,Sarrià-Sant Gervasi,24,les Tres Torres,22,34765
2022,5,Sarrià-Sant Gervasi,24,les Tres Torres,23,22821
2022,5,Sarrià-Sant Gervasi,24,les Tres Torres,24,34334
2022,5,Sarrià-Sant Gervasi,24,les Tres Torres,25,34765
2022,5,Sarrià-Sant Gervasi,24,les Tres Torres,26,34765
2022,5,Sarrià-Sant Gervasi,24,les Tres Torres,27,34765
2022,5,Sarrià-Sant Gervasi,24,les Tres Torres,28,34638
2022,5,Sarrià-Sant Gervasi,24,les Tres Torres,29,34765
2022,5,Sarrià-Sant Gervasi,24,les Tres Torres,30,34765
2022,5,Sarrià-Sant Gervasi,25,Sant Gervasi- la Bonanova,31,34765
2022,5,Sarrià-Sant Gervasi,25,Sant Gervasi- la Bonanova,32,34765
2022,5,Sarrià-Sant Gervasi,25,Sant Gervasi- la Bonanova,33,32784
2022,5,Sarrià-Sant Gervasi,25,Sant Gervasi- la Bonanova,34,26250
2022,5,Sarrià-Sant Gervasi,25,Sant Gervasi- la Bonanova,35,34765
2022,5,Sarrià-Sant Gervasi,25,Sant Gervasi- la Bonanova,36,32181
2022,5,Sarrià-Sant Gervasi,25,Sant Gervasi- la Bonanova,37,20266
2022,5,Sarrià-Sant Gervasi,25,Sant Gervasi- la Bonanova,38,23331
2022,5,Sarrià-Sant Gervasi,25,Sant Gervasi- la Bonanova,39,30420
2022,5,Sarrià-Sant Gervasi,25,Sant Gervasi- la Bonanova,40,23078
2022,5,Sarrià-Sant Gervasi,25,Sant Gervasi- la Bonanova,41,25921
2022,5,Sarrià-Sant Gervasi,25,Sant Gervasi- la Bonanova,42,26736
2022,5,Sarrià-Sant Gervasi,25,Sant Gervasi- la Bonanova,43,23574
2022,5,Sarrià-Sant Gervasi,25,Sant Gervasi- la Bonanova,44,24686
2022,5,Sarrià-Sant Gervasi,25,Sant Gervasi- la Bonanova,45,30408
2022,5,Sarrià-Sant Gervasi,25,Sant Gervasi- la Bonanova,46,34765
2022,5,Sarrià-Sant Gervasi,25,Sant Gervasi- la Bonanova,47,29204
2022,5,Sarrià-Sant Gervasi,25,Sant Gervasi- la Bonanova,48,32669
2022,5,Sarrià-Sant Gervasi,26,Sant Gervasi- Galvany,49,34088
2022,5,Sarrià-Sant Gervasi,26,Sant Gervasi- Galvany,50,26406
2022,5,Sarrià-Sant Gervasi,26,Sant Gervasi- Galvany,51,31709
2022,5,Sarrià-Sant Gervasi,26,Sant Gervasi- Galvany,52,34765
2022,5,Sarrià-Sant Gervasi,26,Sant Gervasi- Galvany,53,34765
2022,5,Sarrià-Sant Gervasi,26,Sant Gervasi- Galvany,54,34765
2022,5,Sarrià-Sant Gervasi,26,Sant Gervasi- Galvany,55,34765
2022,5,Sarrià-Sant Gervasi,26,Sant Gervasi- Galvany,56,31537
2022,5,Sarrià-Sant Gervasi,26,Sant Gervasi- Galvany,57,34765
2022,5,Sarrià-Sant Gervasi,26,Sant Gervasi- Galvany,58,34765
2022,5,Sarrià-Sant Gervasi,26,Sant Gervasi- Galvany,59,29106
2022,5,Sarrià-Sant Gervasi,26,Sant Gervasi- Galvany,60,34765
2022,5,Sarrià-Sant Gervasi,26,Sant Gervasi- Galvany,61,26184
2022,5,Sarrià-Sant Gervasi,26,Sant Gervasi- Galvany,62,31252
2022,5,Sarrià-Sant Gervasi,26,Sant Gervasi- Galvany,63,30886
2022,5,Sarrià-Sant Gervasi,26,Sant Gervasi- Galvany,64,30658
2022,5,Sarrià-Sant Gervasi,26,Sant Gervasi- Galvany,65,25681
2022,5,Sarrià-Sant Gervasi,26,Sant Gervasi- Galvany,66,30635
2022,5,Sarrià-Sant Gervasi,26,Sant Gervasi- Galvany,67,28470
2022,5,Sarrià-Sant Gervasi,26,Sant Gervasi- Galvany,68,26182
2022,5,Sarrià-Sant Gervasi,26,Sant Gervasi- Galvany,69,25440
2022,5,Sarrià-Sant Gervasi,26,Sant Gervasi- Galvany,70,24134
2022,5,Sarrià-Sant Gervasi,26,Sant Gervasi- Galvany,71,23788
2022,5,Sarrià-Sant Gervasi,26,Sant Gervasi- Galvany,72,25491
2022,5,Sarrià-Sant Gervasi,26,Sant Gervasi- Galvany,73,23903
2022,5,Sarrià-Sant Gervasi,26,Sant Gervasi- Galvany,74,28797
2022,5,Sarrià-Sant Gervasi,26,Sant Gervasi- Galvany,75,25000
2022,5,Sarrià-Sant Gervasi,26,Sant Gervasi- Galvany,76,26487
2022,5,Sarrià-Sant Gervasi,26,Sant Gervasi- Galvany,77,28128
2022,5,Sarrià-Sant Gervasi,26,Sant Gervasi- Galvany,78,28982
2022,5,Sarrià-Sant Gervasi,26,Sant Gervasi- Galvany,79,25605
2022,5,Sarrià-Sant Gervasi,27,el Putxet i el Farró,80,24575
2022,5,Sarrià-Sant Gervasi,27,el Putxet i el Farró,81,23078
2022,5,Sarrià-Sant Gervasi,27,el Putxet i el Farró,82,22720
2022,5,Sarrià-Sant Gervasi,27,el Putxet i el Farró,83,23353
2022,5,Sarrià-Sant Gervasi,27,el Putxet i el Farró,84,23306
2022,5,Sarrià-Sant Gervasi,27,el Putxet i el Farró,85,20865
2022,5,Sarrià-Sant Gervasi,27,el Putxet i el Farró,86,22648
2022,5,Sarrià-Sant Gervasi,27,el Putxet i el Farró,87,23720
2022,5,Sarrià-Sant Gervasi,27,el Putxet i el Farró,88,24458
2022,5,Sarrià-Sant Gervasi,27,el Putxet i el Farró,89,24315
2022,5,Sarrià-Sant Gervasi,27,el Putxet i el Farró,90,22860
2022,5,Sarrià-Sant Gervasi,27,el Putxet i el Farró,91,20261
2022,5,Sarrià-Sant Gervasi,27,el Putxet i el Farró,92,29786
2022,5,Sarrià-Sant Gervasi,27,el Putxet i el Farró,93,25536
2022,5,Sarrià-Sant Gervasi,27,el Putxet i el Farró,94,27970
2022,5,Sarrià-Sant Gervasi,27,el Putxet i el Farró,95,22471
2022,5,Sarrià-Sant Gervasi,27,el Putxet i el Farró,96,21575
2022,5,Sarrià-Sant Gervasi,27,el Putxet i el Farró,97,22901
2022,5,Sarrià-Sant Gervasi,27,el Putxet i el Farró,98,22738
2022,6,Gràcia,28,Vallcarca i els Penitents,1,18437
2022,6,Gràcia,28,Vallcarca i els Penitents,2,19786
2022,6,Gràcia,28,Vallcarca i els Penitents,3,17396
2022,6,Gràcia,28,Vallcarca i els Penitents,4,20428
2022,6,Gràcia,28,Vallcarca i els Penitents,6,25693
2022,6,Gràcia,28,Vallcarca i els Penitents,7,21756
2022,6,Gràcia,28,Vallcarca i els Penitents,8,19455
2022,6,Gràcia,28,Vallcarca i els Penitents,9,26136
2022,6,Gràcia,28,Vallcarca i els Penitents,10,23746
2022,6,Gràcia,28,Vallcarca i els Penitents,11,22289
2022,6,Gràcia,28,Vallcarca i els Penitents,12,24189
2022,6,Gràcia,29,el Coll,13,18878
2022,6,Gràcia,29,el Coll,14,16675
2022,6,Gràcia,29,el Coll,15,16418
2022,6,Gràcia,29,el Coll,16,15632
2022,6,Gràcia,29,el Coll,17,16744
2022,6,Gràcia,30,la Salut,18,17973
2022,6,Gràcia,30,la Salut,19,18465
2022,6,Gràcia,30,la Salut,20,20277
2022,6,Gràcia,30,la Salut,21,22343
2022,6,Gràcia,30,la Salut,22,20209
2022,6,Gràcia,30,la Salut,23,22902
2022,6,Gràcia,30,la Salut,24,19853
2022,6,Gràcia,30,la Salut,25,22165
2022,6,Gràcia,30,la Salut,26,21054
2022,6,Gràcia,30,la Salut,27,21503
2022,6,Gràcia,31,la Vila de Gràcia,28,17534
2022,6,Gràcia,31,la Vila de Gràcia,29,20787
2022,6,Gràcia,31,la Vila de Gràcia,30,17996
2022,6,Gràcia,31,la Vila de Gràcia,31,19524
2022,6,Gràcia,31,la Vila de Gràcia,32,18631
2022,6,Gràcia,31,la Vila de Gràcia,33,19715
2022,6,Gràcia,31,la Vila de Gràcia,34,18713
2022,6,Gràcia,31,la Vila de Gràcia,35,23000
2022,6,Gràcia,31,la Vila de Gràcia,36,21263
2022,6,Gràcia,31,la Vila de Gràcia,37,20533
2022,6,Gràcia,31,la Vila de Gràcia,38,18926
2022,6,Gràcia,31,la Vila de Gràcia,39,18307
2022,6,Gràcia,31,la Vila de Gràcia,40,21123
2022,6,Gràcia,31,la Vila de Gràcia,41,20811
2022,6,Gràcia,31,la Vila de Gràcia,42,21853
2022,6,Gràcia,31,la Vila de Gràcia,43,21640
2022,6,Gràcia,31,la Vila de Gràcia,44,25146
2022,6,Gràcia,31,la Vila de Gràcia,45,20873
2022,6,Gràcia,31,la Vila de Gràcia,46,19198
2022,6,Gràcia,31,la Vila de Gràcia,47,18013
2022,6,Gràcia,31,la Vila de Gràcia,48,18652
2022,6,Gràcia,31,la Vila de Gràcia,49,19619
2022,6,Gràcia,31,la Vila de Gràcia,50,17172
2022,6,Gràcia,31,la Vila de Gràcia,51,19954
2022,6,Gràcia,31,la Vila de Gràcia,52,19662
2022,6,Gràcia,31,la Vila de Gràcia,53,20140
2022,6,Gràcia,31,la Vila de Gràcia,54,18098
2022,6,Gràcia,31,la Vila de Gràcia,55,19922
2022,6,Gràcia,31,la Vila de Gràcia,56,18512
2022,6,Gràcia,31,la Vila de Gràcia,57,17630
2022,6,Gràcia,31,la Vila de Gràcia,58,20062
2022,6,Gràcia,31,la Vila de Gràcia,59,18702
2022,6,Gràcia,31,la Vila de Gràcia,60,18255
2022,6,Gràcia,31,la Vila de Gràcia,61,18070
2022,6,Gràcia,31,la Vila de Gràcia,62,17666
2022,6,Gràcia,31,la Vila de Gràcia,63,18446
2022,6,Gràcia,32,el Camp d'en Grassot i Gràcia Nova,64,19931
2022,6,Gràcia,32,el Camp d'en Grassot i Gràcia Nova,65,21626
2022,6,Gràcia,32,el Camp d'en Grassot i Gràcia Nova,66,21115
2022,6,Gràcia,32,el Camp d'en Grassot i Gràcia Nova,67,19511
2022,6,Gràcia,32,el Camp d'en Grassot i Gràcia Nova,68,22239
2022,6,Gràcia,32,el Camp d'en Grassot i Gràcia Nova,69,20890
2022,6,Gràcia,32,el Camp d'en Grassot i Gràcia Nova,70,18980
2022,6,Gràcia,32,el Camp d'en Grassot i Gràcia Nova,71,20293
2022,6,Gràcia,32,el Camp d'en Grassot i Gràcia Nova,72,22958
2022,6,Gràcia,32,el Camp d'en Grassot i Gràcia Nova,73,19662
2022,6,Gràcia,32,el Camp d'en Grassot i Gràcia Nova,74,19151
2022,6,Gràcia,32,el Camp d'en Grassot i Gràcia Nova,75,22477
2022,6,Gràcia,32,el Camp d'en Grassot i Gràcia Nova,76,21088
2022,6,Gràcia,32,el Camp d'en Grassot i Gràcia Nova,77,18283
2022,6,Gràcia,32,el Camp d'en Grassot i Gràcia Nova,78,18504
2022,6,Gràcia,32,el Camp d'en Grassot i Gràcia Nova,79,19906
2022,6,Gràcia,32,el Camp d'en Grassot i Gràcia Nova,80,19213
2022,6,Gràcia,32,el Camp d'en Grassot i Gràcia Nova,81,19376
2022,6,Gràcia,32,el Camp d'en Grassot i Gràcia Nova,82,19839
2022,6,Gràcia,32,el Camp d'en Grassot i Gràcia Nova,83,21408
2022,6,Gràcia,32,el Camp d'en Grassot i Gràcia Nova,84,19397
2022,6,Gràcia,32,el Camp d'en Grassot i Gràcia Nova,85,20755
2022,6,Gràcia,32,el Camp d'en Grassot i Gràcia Nova,86,23395
2022,6,Gràcia,32,el Camp d'en Grassot i Gràcia Nova,87,22742
2022,6,Gràcia,32,el Camp d'en Grassot i Gràcia Nova,88,19798
2022,7,Horta-Guinardó,33,el Baix Guinardó,1,20350
2022,7,Horta-Guinardó,33,el Baix Guinardó,2,18197
2022,7,Horta-Guinardó,33,el Baix Guinardó,3,18735
2022,7,Horta-Guinardó,33,el Baix Guinardó,4,17020
2022,7,Horta-Guinardó,33,el Baix Guinardó,5,17651
2022,7,Horta-Guinardó,33,el Baix Guinardó,6,19474
2022,7,Horta-Guinardó,33,el Baix Guinardó,7,17364
2022,7,Horta-Guinardó,33,el Baix Guinardó,8,18496
2022,7,Horta-Guinardó,33,el Baix Guinardó,9,17135
2022,7,Horta-Guinardó,33,el Baix Guinardó,10,19357
2022,7,Horta-Guinardó,33,el Baix Guinardó,11,17618
2022,7,Horta-Guinardó,33,el Baix Guinardó,12,16813
2022,7,Horta-Guinardó,33,el Baix Guinardó,13,19488
2022,7,Horta-Guinardó,33,el Baix Guinardó,14,15951
2022,7,Horta-Guinardó,33,el Baix Guinardó,15,16173
2022,7,Horta-Guinardó,33,el Baix Guinardó,16,19850
2022,7,Horta-Guinardó,33,el Baix Guinardó,17,17201
2022,7,Horta-Guinardó,33,el Baix Guinardó,18,16342
2022,7,Horta-Guinardó,33,el Baix Guinardó,19,17923
2022,7,Horta-Guinardó,34,Can Baró,20,15735
2022,7,Horta-Guinardó,34,Can Baró,21,19891
2022,7,Horta-Guinardó,34,Can Baró,22,17202
2022,7,Horta-Guinardó,34,Can Baró,23,15136
2022,7,Horta-Guinardó,34,Can Baró,24,16336
2022,7,Horta-Guinardó,34,Can Baró,25,15545
2022,7,Horta-Guinardó,34,Can Baró,26,16417
2022,7,Horta-Guinardó,35,el Guinardó,27,15460
2022,7,Horta-Guinardó,35,el Guinardó,28,16938
2022,7,Horta-Guinardó,35,el Guinardó,29,18647
2022,7,Horta-Guinardó,35,el Guinardó,30,15405
2022,7,Horta-Guinardó,35,el Guinardó,31,14840
2022,7,Horta-Guinardó,35,el Guinardó,32,16790
2022,7,Horta-Guinardó,35,el Guinardó,33,17710
2022,7,Horta-Guinardó,35,el Guinardó,34,19188
2022,7,Horta-Guinardó,35,el Guinardó,35,19280
2022,7,Horta-Guinardó,35,el Guinardó,36,19535
2022,7,Horta-Guinardó,35,el Guinardó,37,17122
2022,7,Horta-Guinardó,35,el Guinardó,38,17046
2022,7,Horta-Guinardó,35,el Guinardó,39,18311
2022,7,Horta-Guinardó,35,el Guinardó,40,17703
2022,7,Horta-Guinardó,35,el Guinardó,41,16165
2022,7,Horta-Guinardó,35,el Guinardó,42,17455
2022,7,Horta-Guinardó,35,el Guinardó,43,17679
2022,7,Horta-Guinardó,35,el Guinardó,44,18686
2022,7,Horta-Guinardó,35,el Guinardó,45,16412
2022,7,Horta-Guinardó,35,el Guinardó,46,16741
2022,7,Horta-Guinardó,35,el Guinardó,47,16498
2022,7,Horta-Guinardó,35,el Guinardó,48,17377
2022,7,Horta-Guinardó,35,el Guinardó,49,17130
2022,7,Horta-Guinardó,35,el Guinardó,50,16523
2022,7,Horta-Guinardó,35,el Guinardó,51,16971
2022,7,Horta-Guinardó,36,la Font d'en Fargues,52,21956
2022,7,Horta-Guinardó,36,la Font d'en Fargues,53,18764
2022,7,Horta-Guinardó,36,la Font d'en Fargues,54,23089
2022,7,Horta-Guinardó,36,la Font d'en Fargues,55,25507
2022,7,Horta-Guinardó,36,la Font d'en Fargues,56,18900
2022,7,Horta-Guinardó,36,la Font d'en Fargues,57,19080
2022,7,Horta-Guinardó,36,la Font d'en Fargues,58,18352
2022,7,Horta-Guinardó,37,el Carmel,59,13934
2022,7,Horta-Guinardó,37,el Carmel,60,13725
2022,7,Horta-Guinardó,37,el Carmel,61,14378
2022,7,Horta-Guinardó,37,el Carmel,62,14203
2022,7,Horta-Guinardó,37,el Carmel,63,12177
2022,7,Horta-Guinardó,37,el Carmel,64,12723
2022,7,Horta-Guinardó,37,el Carmel,65,11529
2022,7,Horta-Guinardó,37,el Carmel,66,12106
2022,7,Horta-Guinardó,37,el Carmel,67,12029
2022,7,Horta-Guinardó,37,el Carmel,68,11498
2022,7,Horta-Guinardó,37,el Carmel,69,12102
2022,7,Horta-Guinardó,37,el Carmel,70,12595
2022,7,Horta-Guinardó,37,el Carmel,71,14342
2022,7,Horta-Guinardó,37,el Carmel,72,13753
2022,7,Horta-Guinardó,37,el Carmel,73,12556
2022,7,Horta-Guinardó,37,el Carmel,74,12853
2022,7,Horta-Guinardó,37,el Carmel,75,12395
2022,7,Horta-Guinardó,37,el Carmel,76,12933
2022,7,Horta-Guinardó,37,el Carmel,77,12561
2022,7,Horta-Guinardó,37,el Carmel,78,12600
2022,7,Horta-Guinardó,37,el Carmel,79,12520
2022,7,Horta-Guinardó,37,el Carmel,80,13441
2022,7,Horta-Guinardó,38,la Teixonera,81,14777
2022,7,Horta-Guinardó,38,la Teixonera,82,13780
2022,7,Horta-Guinardó,38,la Teixonera,83,13185
2022,7,Horta-Guinardó,38,la Teixonera,84,13755
2022,7,Horta-Guinardó,38,la Teixonera,85,14457
2022,7,Horta-Guinardó,38,la Teixonera,86,13416
2022,7,Horta-Guinardó,38,la Teixonera,87,14573
2022,7,Horta-Guinardó,38,la Teixonera,88,14084
2022,7,Horta-Guinardó,39,Sant Genís dels Agudells,89,16518
2022,7,Horta-Guinardó,39,Sant Genís dels Agudells,90,14934
2022,7,Horta-Guinardó,39,Sant Genís dels Agudells,91,15502
2022,7,Horta-Guinardó,39,Sant Genís dels Agudells,92,11833
2022,7,Horta-Guinardó,39,Sant Genís dels Agudells,93,14616
2022,7,Horta-Guinardó,40,Montbau,94,16101
2022,7,Horta-Guinardó,40,Montbau,95,16266
2022,7,Horta-Guinardó,40,Montbau,96,15086
2022,7,Horta-Guinardó,40,Montbau,97,18896
2022,7,Horta-Guinardó,41,la Vall d'Hebron,98,21745
2022,7,Horta-Guinardó,41,la Vall d'Hebron,99,19066
2022,7,Horta-Guinardó,41,la Vall d'Hebron,100,16817
2022,7,Horta-Guinardó,41,la Vall d'Hebron,101,17038
2022,7,Horta-Guinardó,42,la Clota,102,16063
2022,7,Horta-Guinardó,43,Horta,103,15336
2022,7,Horta-Guinardó,43,Horta,104,14558
2022,7,Horta-Guinardó,43,Horta,105,18480
2022,7,Horta-Guinardó,43,Horta,106,17216
2022,7,Horta-Guinardó,43,Horta,107,19997
2022,7,Horta-Guinardó,43,Horta,108,17398
2022,7,Horta-Guinardó,43,Horta,109,14478
2022,7,Horta-Guinardó,43,Horta,110,17676
2022,7,Horta-Guinardó,43,Horta,111,20010
2022,7,Horta-Guinardó,43,Horta,112,17437
2022,7,Horta-Guinardó,43,Horta,113,15241
2022,7,Horta-Guinardó,43,Horta,114,18106
2022,7,Horta-Guinardó,43,Horta,115,20657
2022,7,Horta-Guinardó,43,Horta,116,16610
2022,7,Horta-Guinardó,43,Horta,117,17932
2022,7,Horta-Guinardó,43,Horta,118,17360
2022,7,Horta-Guinardó,43,Horta,119,14926
2022,7,Horta-Guinardó,43,Horta,120,15698
2022,7,Horta-Guinardó,43,Horta,121,13902
2022,7,Horta-Guinardó,43,Horta,122,16328
2022,7,Horta-Guinardó,43,Horta,123,17797
2022,8,Nou Barris,44,Vilapicina i la Torre Llobeta,1,15997
2022,8,Nou Barris,44,Vilapicina i la Torre Llobeta,2,17446
2022,8,Nou Barris,44,Vilapicina i la Torre Llobeta,3,15735
2022,8,Nou Barris,44,Vilapicina i la Torre Llobeta,4,14756
2022,8,Nou Barris,44,Vilapicina i la Torre Llobeta,5,16243
2022,8,Nou Barris,44,Vilapicina i la Torre Llobeta,6,15922
2022,8,Nou Barris,44,Vilapicina i la Torre Llobeta,7,16997
2022,8,Nou Barris,44,Vilapicina i la Torre Llobeta,8,16651
2022,8,Nou Barris,44,Vilapicina i la Torre Llobeta,9,14885
2022,8,Nou Barris,44,Vilapicina i la Torre Llobeta,10,18209
2022,8,Nou Barris,44,Vilapicina i la Torre Llobeta,11,17128
2022,8,Nou Barris,44,Vilapicina i la Torre Llobeta,12,16780
2022,8,Nou Barris,44,Vilapicina i la Torre Llobeta,13,15859
2022,8,Nou Barris,44,Vilapicina i la Torre Llobeta,14,14738
2022,8,Nou Barris,44,Vilapicina i la Torre Llobeta,15,13981
2022,8,Nou Barris,44,Vilapicina i la Torre Llobeta,16,15995
2022,8,Nou Barris,44,Vilapicina i la Torre Llobeta,17,17155
2022,8,Nou Barris,44,Vilapicina i la Torre Llobeta,18,15934
2022,8,Nou Barris,44,Vilapicina i la Torre Llobeta,19,14370
2022,8,Nou Barris,45,Porta,20,15213
2022,8,Nou Barris,45,Porta,21,16088
2022,8,Nou Barris,45,Porta,22,15878
2022,8,Nou Barris,45,Porta,23,14091
2022,8,Nou Barris,45,Porta,24,14665
2022,8,Nou Barris,45,Porta,25,13405
2022,8,Nou Barris,45,Porta,26,15793
2022,8,Nou Barris,45,Porta,27,17195
2022,8,Nou Barris,45,Porta,28,14581
2022,8,Nou Barris,45,Porta,29,13017
2022,8,Nou Barris,45,Porta,30,14067
2022,8,Nou Barris,45,Porta,31,14826
2022,8,Nou Barris,45,Porta,32,15311
2022,8,Nou Barris,45,Porta,33,12695
2022,8,Nou Barris,45,Porta,34,12333
2022,8,Nou Barris,45,Porta,35,14624
2022,8,Nou Barris,45,Porta,36,11982
2022,8,Nou Barris,45,Porta,37,13664
2022,8,Nou Barris,46,el Turó de la Peira,38,12569
2022,8,Nou Barris,46,el Turó de la Peira,39,13346
2022,8,Nou Barris,46,el Turó de la Peira,40,11545
2022,8,Nou Barris,46,el Turó de la Peira,41,9836
2022,8,Nou Barris,46,el Turó de la Peira,42,15238
2022,8,Nou Barris,46,el Turó de la Peira,43,14159
2022,8,Nou Barris,46,el Turó de la Peira,44,11674
2022,8,Nou Barris,46,el Turó de la Peira,45,11488
2022,8,Nou Barris,46,el Turó de la Peira,46,12837
2022,8,Nou Barris,46,el Turó de la Peira,47,10831
2022,8,Nou Barris,47,Can Peguera,48,10415
2022,8,Nou Barris,47,Can Peguera,49,12690
2022,8,Nou Barris,48,la Guineueta,50,18342
2022,8,Nou Barris,48,la Guineueta,51,16380
2022,8,Nou Barris,48,la Guineueta,52,15703
2022,8,Nou Barris,48,la Guineueta,53,17618
2022,8,Nou Barris,48,la Guineueta,54,15689
2022,8,Nou Barris,48,la Guineueta,55,19660
2022,8,Nou Barris,48,la Guineueta,56,14348
2022,8,Nou Barris,48,la Guineueta,57,15107
2022,8,Nou Barris,48,la Guineueta,58,13754
2022,8,Nou Barris,48,la Guineueta,59,14615
2022,8,Nou Barris,49,Canyelles,60,16354
2022,8,Nou Barris,49,Canyelles,61,14343
2022,8,Nou Barris,49,Canyelles,62,16049
2022,8,Nou Barris,49,Canyelles,63,17900
2022,8,Nou Barris,49,Canyelles,64,13716
2022,8,Nou Barris,50,les Roquetes,65,10522
2022,8,Nou Barris,50,les Roquetes,66,9926
2022,8,Nou Barris,50,les Roquetes,67,12368
2022,8,Nou Barris,50,les Roquetes,68,10613
2022,8,Nou Barris,50,les Roquetes,69,10956
2022,8,Nou Barris,50,les Roquetes,70,10657
2022,8,Nou Barris,50,les Roquetes,71,11493
2022,8,Nou Barris,50,les Roquetes,72,12861
2022,8,Nou Barris,50,les Roquetes,73,9790
2022,8,Nou Barris,50,les Roquetes,74,10690
2022,8,Nou Barris,51,Verdun,75,12501
2022,8,Nou Barris,51,Verdun,76,13067
2022,8,Nou Barris,51,Verdun,77,10927
2022,8,Nou Barris,51,Verdun,78,11586
2022,8,Nou Barris,51,Verdun,79,11334
2022,8,Nou Barris,51,Verdun,80,12241
2022,8,Nou Barris,51,Verdun,81,10839
2022,8,Nou Barris,51,Verdun,82,12530
2022,8,Nou Barris,52,la Prosperitat,83,12650
2022,8,Nou Barris,52,la Prosperitat,84,13797
2022,8,Nou Barris,52,la Prosperitat,85,12550
2022,8,Nou Barris,52,la Prosperitat,86,13184
2022,8,Nou Barris,52,la Prosperitat,87,13292
2022,8,Nou Barris,52,la Prosperitat,88,12895
2022,8,Nou Barris,52,la Prosperitat,89,13534
2022,8,Nou Barris,52,la Prosperitat,90,13856
2022,8,Nou Barris,52,la Prosperitat,91,13649
2022,8,Nou Barris,52,la Prosperitat,92,14608
2022,8,Nou Barris,52,la Prosperitat,93,12937
2022,8,Nou Barris,52,la Prosperitat,94,14067
2022,8,Nou Barris,52,la Prosperitat,95,16282
2022,8,Nou Barris,52,la Prosperitat,96,13676
2022,8,Nou Barris,52,la Prosperitat,97,13073
2022,8,Nou Barris,52,la Prosperitat,98,12472
2022,8,Nou Barris,52,la Prosperitat,99,12407
2022,8,Nou Barris,52,la Prosperitat,100,12770
2022,8,Nou Barris,52,la Prosperitat,101,13818
2022,8,Nou Barris,52,la Prosperitat,102,11607
2022,8,Nou Barris,53,la Trinitat Nova,103,9718
2022,8,Nou Barris,53,la Trinitat Nova,104,11137
2022,8,Nou Barris,53,la Trinitat Nova,105,11397
2022,8,Nou Barris,53,la Trinitat Nova,106,10359
2022,8,Nou Barris,53,la Trinitat Nova,107,11416
2022,8,Nou Barris,54,Torre Baró,108,10107
2022,8,Nou Barris,54,Torre Baró,109,10032
2022,8,Nou Barris,55,Ciutat Meridiana,110,8374
2022,8,Nou Barris,55,Ciutat Meridiana,111,9016
2022,8,Nou Barris,55,Ciutat Meridiana,112,9422
2022,8,Nou Barris,55,Ciutat Meridiana,113,9192
2022,8,Nou Barris,55,Ciutat Meridiana,114,9974
2022,8,Nou Barris,55,Ciutat Meridiana,115,9650
2022,8,Nou Barris,56,Vallbona,116,10461
2022,8,Nou Barris,48,la Guineueta,215,16049
2022,9,Sant Andreu,57,la Trinitat Vella,1,8802
2022,9,Sant Andreu,57,la Trinitat Vella,2,9668
2022,9,Sant Andreu,57,la Trinitat Vella,3,10264
2022,9,Sant Andreu,57,la Trinitat Vella,4,10726
2022,9,Sant Andreu,57,la Trinitat Vella,5,13581
2022,9,Sant Andreu,58,Baró de Viver,6,11105
2022,9,Sant Andreu,58,Baró de Viver,7,10426
2022,9,Sant Andreu,59,el Bon Pastor,8,19072
2022,9,Sant Andreu,59,el Bon Pastor,9,15010
2022,9,Sant Andreu,59,el Bon Pastor,10,13544
2022,9,Sant Andreu,59,el Bon Pastor,11,11747
2022,9,Sant Andreu,59,el Bon Pastor,13,9740
2022,9,Sant Andreu,59,el Bon Pastor,14,11570
2022,9,Sant Andreu,59,el Bon Pastor,15,11502
2022,9,Sant Andreu,60,Sant Andreu,16,16940
2022,9,Sant Andreu,60,Sant Andreu,17,17201
2022,9,Sant Andreu,60,Sant Andreu,18,16518
2022,9,Sant Andreu,60,Sant Andreu,19,18142
2022,9,Sant Andreu,60,Sant Andreu,20,17829
2022,9,Sant Andreu,60,Sant Andreu,21,18484
2022,9,Sant Andreu,60,Sant Andreu,22,19449
2022,9,Sant Andreu,60,Sant Andreu,23,18662
2022,9,Sant Andreu,60,Sant Andreu,24,18475
2022,9,Sant Andreu,60,Sant Andreu,25,18871
2022,9,Sant Andreu,60,Sant Andreu,26,19409
2022,9,Sant Andreu,60,Sant Andreu,27,18796
2022,9,Sant Andreu,60,Sant Andreu,28,20747
2022,9,Sant Andreu,60,Sant Andreu,29,16938
2022,9,Sant Andreu,60,Sant Andreu,30,18255
2022,9,Sant Andreu,60,Sant Andreu,31,18590
2022,9,Sant Andreu,60,Sant Andreu,32,14096
2022,9,Sant Andreu,60,Sant Andreu,33,16599
2022,9,Sant Andreu,60,Sant Andreu,34,14761
2022,9,Sant Andreu,60,Sant Andreu,35,16858
2022,9,Sant Andreu,60,Sant Andreu,36,17549
2022,9,Sant Andreu,60,Sant Andreu,37,14547
2022,9,Sant Andreu,60,Sant Andreu,38,17709
2022,9,Sant Andreu,60,Sant Andreu,39,17362
2022,9,Sant Andreu,60,Sant Andreu,40,18312
2022,9,Sant Andreu,60,Sant Andreu,41,16634
2022,9,Sant Andreu,60,Sant Andreu,42,18516
2022,9,Sant Andreu,60,Sant Andreu,43,16571
2022,9,Sant Andreu,60,Sant Andreu,44,17573
2022,9,Sant Andreu,60,Sant Andreu,45,17533
2022,9,Sant Andreu,60,Sant Andreu,46,18827
2022,9,Sant Andreu,60,Sant Andreu,47,18953
2022,9,Sant Andreu,60,Sant Andreu,48,17191
2022,9,Sant Andreu,60,Sant Andreu,49,16481
2022,9,Sant Andreu,60,Sant Andreu,50,17934
2022,9,Sant Andreu,60,Sant Andreu,51,18430
2022,9,Sant Andreu,60,Sant Andreu,52,17469
2022,9,Sant Andreu,60,Sant Andreu,53,18933
2022,9,Sant Andreu,60,Sant Andreu,54,18557
2022,9,Sant Andreu,61,la Sagrera,55,14010
2022,9,Sant Andreu,61,la Sagrera,56,17677
2022,9,Sant Andreu,61,la Sagrera,57,15694
2022,9,Sant Andreu,61,la Sagrera,58,17350
2022,9,Sant Andreu,61,la Sagrera,59,17271
2022,9,Sant Andreu,61,la Sagrera,60,16050
2022,9,Sant Andreu,61,la Sagrera,61,18491
2022,9,Sant Andreu,61,la Sagrera,62,17392
2022,9,Sant Andreu,61,la Sagrera,63,19007
2022,9,Sant Andreu,61,la Sagrera,64,17479
2022,9,Sant Andreu,61,la Sagrera,65,16123
2022,9,Sant Andreu,61,la Sagrera,66,19006
2022,9,Sant Andreu,61,la Sagrera,67,15279
2022,9,Sant Andreu,61,la Sagrera,68,17428
2022,9,Sant Andreu,61,la Sagrera,69,16547
2022,9,Sant Andreu,61,la Sagrera,70,12562
2022,9,Sant Andreu,61,la Sagrera,71,15441
2022,9,Sant Andreu,61,la Sagrera,72,13936
2022,9,Sant Andreu,61,la Sagrera,73,17187
2022,9,Sant Andreu,62,el Congrés i els Indians,74,15542
2022,9,Sant Andreu,62,el Congrés i els Indians,75,15121
2022,9,Sant Andreu,62,el Congrés i els Indians,76,15637
2022,9,Sant Andreu,62,el Congrés i els Indians,77,16917
2022,9,Sant Andreu,62,el Congrés i els Indians,78,17243
2022,9,Sant Andreu,62,el Congrés i els Indians,79,17221
2022,9,Sant Andreu,62,el Congrés i els Indians,80,17484
2022,9,Sant Andreu,62,el Congrés i els Indians,81,16729
2022,9,Sant Andreu,62,el Congrés i els Indians,82,16025
2022,9,Sant Andreu,63,Navas,83,16869
2022,9,Sant Andreu,63,Navas,84,18334
2022,9,Sant Andreu,63,Navas,85,17180
2022,9,Sant Andreu,63,Navas,86,16575
2022,9,Sant Andreu,63,Navas,87,18286
2022,9,Sant Andreu,63,Navas,88,15700
2022,9,Sant Andreu,63,Navas,89,16041
2022,9,Sant Andreu,63,Navas,90,15825
2022,9,Sant Andreu,63,Navas,91,16842
2022,9,Sant Andreu,63,Navas,92,17255
2022,9,Sant Andreu,63,Navas,93,17207
2022,9,Sant Andreu,63,Navas,94,17271
2022,9,Sant Andreu,63,Navas,95,17260
2022,9,Sant Andreu,61,la Sagrera,156,15813
2022,10,Sant Martí,64,el Camp de l'Arpa del Clot,1,15697
2022,10,Sant Martí,64,el Camp de l'Arpa del Clot,2,16590
2022,10,Sant Martí,64,el Camp de l'Arpa del Clot,3,17199
2022,10,Sant Martí,64,el Camp de l'Arpa del Clot,4,16730
2022,10,Sant Martí,64,el Camp de l'Arpa del Clot,5,17870
2022,10,Sant Martí,64,el Camp de l'Arpa del Clot,6,19363
2022,10,Sant Martí,64,el Camp de l'Arpa del Clot,7,23192
2022,10,Sant Martí,64,el Camp de l'Arpa del Clot,8,18248
2022,10,Sant Martí,64,el Camp de l'Arpa del Clot,9,18276
2022,10,Sant Martí,64,el Camp de l'Arpa del Clot,10,17010
2022,10,Sant Martí,64,el Camp de l'Arpa del Clot,11,19346
2022,10,Sant Martí,64,el Camp de l'Arpa del Clot,12,18597
2022,10,Sant Martí,64,el Camp de l'Arpa del Clot,13,18080
2022,10,Sant Martí,64,el Camp de l'Arpa del Clot,14,17514
2022,10,Sant Martí,64,el Camp de l'Arpa del Clot,15,17498
2022,10,Sant Martí,64,el Camp de l'Arpa del Clot,16,19121
2022,10,Sant Martí,64,el Camp de l'Arpa del Clot,17,17673
2022,10,Sant Martí,64,el Camp de l'Arpa del Clot,18,16207
2022,10,Sant Martí,64,el Camp de l'Arpa del Clot,19,17628
2022,10,Sant Martí,64,el Camp de l'Arpa del Clot,20,16096
2022,10,Sant Martí,64,el Camp de l'Arpa del Clot,21,15750
2022,10,Sant Martí,64,el Camp de l'Arpa del Clot,22,17257
2022,10,Sant Martí,64,el Camp de l'Arpa del Clot,23,17009
2022,10,Sant Martí,64,el Camp de l'Arpa del Clot,24,17822
2022,10,Sant Martí,64,el Camp de l'Arpa del Clot,25,16981
2022,10,Sant Martí,65,el Clot,26,18716
2022,10,Sant Martí,65,el Clot,27,17684
2022,10,Sant Martí,65,el Clot,28,16685
2022,10,Sant Martí,65,el Clot,29,16552
2022,10,Sant Martí,65,el Clot,30,16826
2022,10,Sant Martí,65,el Clot,31,17139
2022,10,Sant Martí,65,el Clot,32,18605
2022,10,Sant Martí,65,el Clot,33,19716
2022,10,Sant Martí,65,el Clot,34,16729
2022,10,Sant Martí,65,el Clot,35,18603
2022,10,Sant Martí,65,el Clot,36,18989
2022,10,Sant Martí,65,el Clot,37,13747
2022,10,Sant Martí,65,el Clot,38,18090
2022,10,Sant Martí,65,el Clot,39,16195
2022,10,Sant Martí,65,el Clot,40,17111
2022,10,Sant Martí,65,el Clot,41,17613
2022,10,Sant Martí,66,el Parc i la Llacuna del Poblenou,42,15637
2022,10,Sant Martí,66,el Parc i la Llacuna del Poblenou,43,17509
2022,10,Sant Martí,66,el Parc i la Llacuna del Poblenou,44,18058
2022,10,Sant Martí,66,el Parc i la Llacuna del Poblenou,45,20026
2022,10,Sant Martí,66,el Parc i la Llacuna del Poblenou,46,19934
2022,10,Sant Martí,66,el Parc i la Llacuna del Poblenou,47,19521
2022,10,Sant Martí,66,el Parc i la Llacuna del Poblenou,48,20141
2022,10,Sant Martí,66,el Parc i la Llacuna del Poblenou,49,18159
2022,10,Sant Martí,66,el Parc i la Llacuna del Poblenou,50,19528
2022,10,Sant Martí,67,la Vila Olímpica del Poblenou,51,19457
2022,10,Sant Martí,67,la Vila Olímpica del Poblenou,52,25800
2022,10,Sant Martí,67,la Vila Olímpica del Poblenou,53,31542
2022,10,Sant Martí,67,la Vila Olímpica del Poblenou,54,24193
2022,10,Sant Martí,67,la Vila Olímpica del Poblenou,55,27080
2022,10,Sant Martí,68,el Poblenou,56,16464
2022,10,Sant Martí,68,el Poblenou,57,16483
2022,10,Sant Martí,68,el Poblenou,58,16611
2022,10,Sant Martí,68,el Poblenou,59,19531
2022,10,Sant Martí,68,el Poblenou,60,16892
2022,10,Sant Martí,68,el Poblenou,61,19768
2022,10,Sant Martí,68,el Poblenou,62,18917
2022,10,Sant Martí,68,el Poblenou,63,19158
2022,10,Sant Martí,68,el Poblenou,64,19677
2022,10,Sant Martí,68,el Poblenou,65,19096
2022,10,Sant Martí,68,el Poblenou,66,19051
2022,10,Sant Martí,68,el Poblenou,67,24254
2022,10,Sant Martí,68,el Poblenou,68,20639
2022,10,Sant Martí,68,el Poblenou,69,21319
2022,10,Sant Martí,68,el Poblenou,70,17694
2022,10,Sant Martí,68,el Poblenou,71,20015
2022,10,Sant Martí,68,el Poblenou,72,18256
2022,10,Sant Martí,68,el Poblenou,73,16574
2022,10,Sant Martí,68,el Poblenou,74,16681
2022,10,Sant Martí,68,el Poblenou,75,16654
2022,10,Sant Martí,69,Diagonal Mar i el Front Marítim del Poblenou,76,19707
2022,10,Sant Martí,69,Diagonal Mar i el Front Marítim del Poblenou,77,22509
2022,10,Sant Martí,69,Diagonal Mar i el Front Marítim del Poblenou,78,22874
2022,10,Sant Martí,69,Diagonal Mar i el Front Marítim del Poblenou,79,19420
2022,10,Sant Martí,69,Diagonal Mar i el Front Marítim del Poblenou,80,25420
2022,10,Sant Martí,70,el Besòs i el Maresme,81,13150
2022,10,Sant Martí,70,el Besòs i el Maresme,82,8188
2022,10,Sant Martí,70,el Besòs i el Maresme,83,7483
2022,10,Sant Martí,70,el Besòs i el Maresme,84,9804
2022,10,Sant Martí,70,el Besòs i el Maresme,85,9155
2022,10,Sant Martí,70,el Besòs i el Maresme,86,10750
2022,10,Sant Martí,70,el Besòs i el Maresme,87,10623
2022,10,Sant Martí,70,el Besòs i el Maresme,88,14842
2022,10,Sant Martí,70,el Besòs i el Maresme,89,10732
2022,10,Sant Martí,70,el Besòs i el Maresme,90,12124
2022,10,Sant Martí,70,el Besòs i el Maresme,91,13799
2022,10,Sant Martí,70,el Besòs i el Maresme,92,16663
2022,10,Sant Martí,70,el Besòs i el Maresme,93,17309
2022,10,Sant Martí,71,Provençals del Poblenou,94,18002
2022,10,Sant Martí,71,Provençals del Poblenou,95,14964
2022,10,Sant Martí,71,Provençals del Poblenou,96,18854
2022,10,Sant Martí,71,Provençals del Poblenou,97,19539
2022,10,Sant Martí,71,Provençals del Poblenou,98,18363
2022,10,Sant Martí,71,Provençals del Poblenou,99,12941
2022,10,Sant Martí,71,Provençals del Poblenou,100,14556
2022,10,Sant Martí,71,Provençals del Poblenou,101,14575
2022,10,Sant Martí,71,Provençals del Poblenou,102,14502
2022,10,Sant Martí,71,Provençals del Poblenou,103,16006
2022,10,Sant Martí,71,Provençals del Poblenou,104,18096
2022,10,Sant Martí,72,Sant Martí de Provençals,105,16381
2022,10,Sant Martí,72,Sant Martí de Provençals,106,16125
2022,10,Sant Martí,72,Sant Martí de Provençals,107,19238
2022,10,Sant Martí,72,Sant Martí de Provençals,108,15857
2022,10,Sant Martí,72,Sant Martí de Provençals,109,14752
2022,10,Sant Martí,72,Sant Martí de Provençals,110,14451
2022,10,Sant Martí,72,Sant Martí de Provençals,111,15551
2022,10,Sant Martí,72,Sant Martí de Provençals,112,18698
2022,10,Sant Martí,72,Sant Martí de Provençals,113,14948
2022,10,Sant Martí,72,Sant Martí de Provençals,114,12814
2022,10,Sant Martí,72,Sant Martí de Provençals,115,14194
2022,10,Sant Martí,72,Sant Martí de Provençals,116,13761
2022,10,Sant Martí,72,Sant Martí de Provençals,117,15231
2022,10,Sant Martí,72,Sant Martí de Provençals,118,18751
2022,10,Sant Martí,72,Sant Martí de Provençals,119,13758
2022,10,Sant Martí,72,Sant Martí de Provençals,120,14505
2022,10,Sant Martí,72,Sant Martí de Provençals,121,13977
2022,10,Sant Martí,72,Sant Martí de Provençals,122,17655
2022,10,Sant Martí,73,la Verneda i la Pau,123,15867
2022,10,Sant Martí,73,la Verneda i la Pau,124,16294
2022,10,Sant Martí,73,la Verneda i la Pau,125,14438
2022,10,Sant Martí,73,la Verneda i la Pau,126,15670
2022,10,Sant Martí,73,la Verneda i la Pau,127,16357
2022,10,Sant Martí,73,la Verneda i la Pau,128,17048
2022,10,Sant Martí,73,la Verneda i la Pau,129,16763
2022,10,Sant Martí,73,la Verneda i la Pau,130,15695
2022,10,Sant Martí,73,la Verneda i la Pau,131,18546
2022,10,Sant Martí,73,la Verneda i la Pau,132,13947
2022,10,Sant Martí,73,la Verneda i la Pau,133,13691
2022,10,Sant Martí,73,la Verneda i la Pau,134,13695
2022,10,Sant Martí,73,la Verneda i la Pau,135,14016
2022,10,Sant Martí,73,la Verneda i la Pau,136,14108
2022,10,Sant Martí,73,la Verneda i la Pau,137,12788
2022,10,Sant Martí,73,la Verneda i la Pau,138,10930
2022,10,Sant Martí,73,la Verneda i la Pau,139,12432
2022,10,Sant Martí,73,la Verneda i la Pau,140,12489
2022,10,Sant Martí,73,la Verneda i la Pau,141,12820
2022,10,Sant Martí,73,la Verneda i la Pau,142,12100
2022,10,Sant Martí,73,la Verneda i la Pau,143,12938
2022,10,Sant Martí,65,el Clot,234,16824
2022,10,Sant Martí,69,Diagonal Mar i el Front Marítim del Poblenou,235,14812
2022,10,Sant Martí,69,Diagonal Mar i el Front Marítim del Poblenou,236,15427
2022,10,Sant Martí,71,Provençals del Poblenou,237,13855
